key,context,swedish,englishUK,englishUS,status,translator,lastModified,notes,charCount
"b2b.nav.error_loading_wagon_menu_items","AppLayout.jsx:67","Error loading wagon menu items:","","","new","","","From AppLayout.jsx",31
"b2b.nav.kontakt_support","AppLayout.jsx:121","Kontakt & Support","","","new","","","From AppLayout.jsx",17
"b2b.nav.oversikt_och_statistik","AppLayout.jsx:137","√ñversikt och statistik","","","new","","","From AppLayout.jsx",22
"b2b.nav.hantera_anvandare","AppLayout.jsx:143","Hantera anv√§ndare","","","new","","","From AppLayout.jsx",17
"b2b.nav.hantera_bestallningar","AppLayout.jsx:149","Hantera best√§llningar","","","new","","","From AppLayout.jsx",21
"b2b.nav.marknadsforing","AppLayout.jsx:158","Marknadsf√∂ring","","","new","","","From AppLayout.jsx",14
"b2b.nav.hantera_marknadsforingsmaterial","AppLayout.jsx:161","Hantera marknadsf√∂ringsmaterial","","","new","","","From AppLayout.jsx",31
"b2b.nav.oversattningar","AppLayout.jsx:164","√ñvers√§ttningar","","","new","","","From AppLayout.jsx",14
"b2b.nav.hantera_sprak_och_oversattningar","AppLayout.jsx:167","Hantera spr√•k och √∂vers√§ttningar","","","new","","","From AppLayout.jsx",32
"b2b.nav.installningar","AppLayout.jsx:176","Inst√§llningar","","","new","","","From AppLayout.jsx",13
"b2b.nav.systeminstallningar","AppLayout.jsx:179","Systeminst√§llningar","","","new","","","From AppLayout.jsx",19
"b2b.nav.group_flex_itemscenter_px3_py2_textsm_fontmedium_r","AppLayout.jsx:217","group flex items-center px-3 py-2 text-sm font-medium rounded-md text-gray-700 hover:bg-gray-50 hover:text-gray-900 mb-4","","","new","","","From AppLayout.jsx",120
"b2b.nav.ga_till_admin_panel","AppLayout.jsx:368","G√• till Admin Panel","","","new","","","From AppLayout.jsx",19
"b2b.products._searching_for_product_variant_varianttype","ProductDetailPopup.jsx:28","üîç Searching for product variant: ${variantType}","","","new","","","From ProductDetailPopup.jsx",48
"b2b.products.b8shield_varianttype","ProductDetailPopup.jsx:73","B8Shield ${variantType}","","","new","","","From ProductDetailPopup.jsx",23
"b2b.products.paverkar_inte_krokens_funktion","ProductDetailPopup.jsx:105","P√•verkar inte krokens funktion","","","new","","","From ProductDetailPopup.jsx",30
"b2b.products.enkelt_att_vaxla_mellan_drag","ProductDetailPopup.jsx:106","Enkelt att v√§xla mellan drag","","","new","","","From ProductDetailPopup.jsx",28
"b2b.products.passar_krokstorlek_2_4_och_6","ProductDetailPopup.jsx:107","Passar krokstorlek 2, 4 och 6","","","new","","","From ProductDetailPopup.jsx",29
"b2b.products.bevarar_dragets_naturliga_farger","ProductDetailPopup.jsx:111","Bevarar dragets naturliga f√§rger","","","new","","","From ProductDetailPopup.jsx",32
"b2b.products.traditionell_betesfarg","ProductDetailPopup.jsx:112","Traditionell betesf√§rg","","","new","","","From ProductDetailPopup.jsx",22
"b2b.products.synlig_i_morka_vatten","ProductDetailPopup.jsx:113","Synlig i m√∂rka vatten","","","new","","","From ProductDetailPopup.jsx",21
"b2b.products.perfekt_for_nattfiske","ProductDetailPopup.jsx:113","Perfekt f√∂r nattfiske","","","new","","","From ProductDetailPopup.jsx",21
"b2b.products.b8shield_variant","ProductDetailPopup.jsx:123","B8Shield ${variant}","","","new","","","From ProductDetailPopup.jsx",19
"b2b.products.den_har_varianten_ar_perfekt_for_kunder_som_getsal","ProductDetailPopup.jsx:237","Den h√§r varianten √§r perfekt f√∂r kunder som {getSalesTip(variantType)}","","","new","","","From ProductDetailPopup.jsx",70
"b2b.training.valkommen","TrainingModal.jsx:36","V√§lkommen","","","new","","","From TrainingModal.jsx",9
"b2b.training.till_b8shield_aterforsaljarportal","TrainingModal.jsx:37","Till B8Shield √•terf√∂rs√§ljarportal","","","new","","","From TrainingModal.jsx",33
"b2b.training.av_den_orsaken_ar_det_avgorande_att_ni","TrainingModal.jsx:95","Av den orsaken √§r det avg√∂rande att ni","","","new","","","From TrainingModal.jsx",38
"b2b.training.for_att_salja_b8shield","TrainingModal.jsx:96","F√∂r att s√§lja B8Shield","","","new","","","From TrainingModal.jsx",22
"b2b.training.sa_forklarar_du_produkten_pa_15_sekunder","TrainingModal.jsx:141","S√• f√∂rklarar du produkten p√• 15 sekunder","","","new","","","From TrainingModal.jsx",40
"b2b.training.sag_detta_till_kunden","TrainingModal.jsx:142","S√§g detta till kunden","","","new","","","From TrainingModal.jsx",21
"b2b.training.nar_man_inte_vill_kompromissa_med_fiskedragets_nat","TrainingModal.jsx:165","N√§r man inte vill kompromissa med fiskedragets naturliga f√§rger och utseende","","","new","","","From TrainingModal.jsx",76
"b2b.training.utnyttja_den_traditionella_roda_fargen_pa_manga_be","TrainingModal.jsx:166","Utnyttja den traditionella r√∂da f√§rgen p√• m√•nga betesfiskar f√∂r att attrahera mer fisk","","","new","","","From TrainingModal.jsx",86
"b2b.training.nar_du_skall_natt_fiska_och_vill_attrahera_fiskar_","TrainingModal.jsx:167","N√§r du skall natt fiska och vill attrahera fiskar i grumliga eller m√∂rka vatten","","","new","","","From TrainingModal.jsx",79
"b2b.training.nar_man_skall_fiska_i_stark_solljus_hjalper_dess_g","TrainingModal.jsx:168","N√§r man skall fiska i stark solljus hj√§lper dess gnistrande f√§rg till med att attrahera mer fisk","","","new","","","From TrainingModal.jsx",96
"b2b.training.klicka_for_detaljer","TrainingModal.jsx:181","Klicka f√∂r detaljer","","","new","","","From TrainingModal.jsx",19
"b2b.training.vanliga_fragor","TrainingModal.jsx:211","Vanliga fr√•gor","","","new","","","From TrainingModal.jsx",14
"b2b.training.kommer_fisken_sluta_hugga","TrainingModal.jsx:221","Kommer fisken sluta hugga?","","","new","","","From TrainingModal.jsx",26
"b2b.training.forstor_det_gangen_pa_draget","TrainingModal.jsx:234","F√∂rst√∂r det g√•ngen p√• draget?","","","new","","","From TrainingModal.jsx",29
"b2b.training.nar_ska_man_anvanda_den","TrainingModal.jsx:247","N√§r ska man anv√§nda den?","","","new","","","From TrainingModal.jsx",24
"b2b.training.du_ar_nu_certifierad_b8shieldsaljare","TrainingModal.jsx:262","Du √§r nu certifierad B8Shield-s√§ljare","","","new","","","From TrainingModal.jsx",37
"b2b.training.certifierad_b8shieldsaljare","TrainingModal.jsx:270","Certifierad B8Shield-S√§ljare","","","new","","","From TrainingModal.jsx",28
"b2b.training.du_har_genomfort_saljutbildningen","TrainingModal.jsx:271","Du har genomf√∂rt s√§ljutbildningen","","","new","","","From TrainingModal.jsx",33
"b2b.training.nu_kan_du","TrainingModal.jsx:275","Nu kan du:","","","new","","","From TrainingModal.jsx",10
"b2b.training.forklara_b8shield_pa_15_sekunder","TrainingModal.jsx:279","F√∂rklara B8Shield p√• 15 sekunder","","","new","","","From TrainingModal.jsx",32
"b2b.training.hantera_kundinvandningar","TrainingModal.jsx:283","Hantera kundinv√§ndningar","","","new","","","From TrainingModal.jsx",24
"b2b.training.oka_din_forsaljning_med_ratt_teknik","TrainingModal.jsx:287","√ñka din f√∂rs√§ljning med r√§tt teknik","","","new","","","From TrainingModal.jsx",35
"b2b.training.steg_current_av_total","TrainingModal.jsx:354","Steg {{current}} av {{total}}","","","new","","","From TrainingModal.jsx",29
"b2b.training.foregaende","TrainingModal.jsx:376","F√∂reg√•ende","","","new","","","From TrainingModal.jsx",10
"b2b.training.borja_salja","TrainingModal.jsx:391","B√∂rja s√§lja!","","","new","","","From TrainingModal.jsx",12
"b2b.contact._kontakt_support","ContactPage.jsx:22","üìû Kontakt & Support","","","new","","","From ContactPage.jsx",20
"b2b.contact.vi_ar_har_for_att_hjalpa_er_med_alla_era_fragor_oc","ContactPage.jsx:25","Vi √§r h√§r f√∂r att hj√§lpa er med alla era fr√•gor och behov","","","new","","","From ContactPage.jsx",57
"b2b.contact.support_hjalp","ContactPage.jsx:85","Support & Hj√§lp","","","new","","","From ContactPage.jsx",15
"b2b.contact.skicka_era_fragor_till","ContactPage.jsx:92","Skicka era fr√•gor till","","","new","","","From ContactPage.jsx",22
"b2b.contact.sa_aterkommer_vi_sa_snart_som_mojligt","ContactPage.jsx:92","s√• √•terkommer vi s√• snart som m√∂jligt","","","new","","","From ContactPage.jsx",37
"b2b.contact.behover_ni_hjalp_med_portalen_eller_har_tekniska_f","ContactPage.jsx:104","Beh√∂ver ni hj√§lp med portalen eller har tekniska fr√•gor? Vi hj√§lper er g√§rna!","","","new","","","From ContactPage.jsx",77
"b2b.contact.produktfragor","ContactPage.jsx:113","Produktfr√•gor","","","new","","","From ContactPage.jsx",13
"b2b.contact.fragor_om_b8shield_produkter_priser_eller_leverans","ContactPage.jsx:116","Fr√•gor om B8Shield produkter, priser eller leveranser hanteras via samma e-post","","","new","","","From ContactPage.jsx",79
"b2b.contact._oppettider_svarstider","ContactPage.jsx:126","üïí √ñppettider & Svarstider","","","new","","","From ContactPage.jsx",26
"b2b.contact.mandag_fredag","ContactPage.jsx:138","M√•ndag - Fredag","","","new","","","From ContactPage.jsx",15
"b2b.contact._snabblankar","ContactPage.jsx:161","üîó Snabbl√§nkar","","","new","","","From ContactPage.jsx",14
"b2b.contact.lagg_en_bestallning","ContactPage.jsx:173","L√§gg en best√§llning","","","new","","","From ContactPage.jsx",19
"b2b.dashboard.training_completed","DashboardPage.jsx:34","Training completed!","","","new","","","From DashboardPage.jsx",19
"b2b.dashboard.testa_saljutbildning","DashboardPage.jsx:57","Testa S√§ljutbildning","","","new","","","From DashboardPage.jsx",20
"b2b.dashboard.aterforsaljarportal","DashboardPage.jsx:75","√Öterf√∂rs√§ljarportal","","","new","","","From DashboardPage.jsx",19
"b2b.dashboard.lagga_bestallningar_direkt","DashboardPage.jsx:95","L√§gga best√§llningar direkt","","","new","","","From DashboardPage.jsx",26
"b2b.dashboard.overblick_over_orderhistorik","DashboardPage.jsx:99","√ñverblick √∂ver orderhistorik","","","new","","","From DashboardPage.jsx",28
"b2b.dashboard.bladdra_i_produktkatalog","DashboardPage.jsx:103","Bl√§ddra i produktkatalog","","","new","","","From DashboardPage.jsx",24
"b2b.dashboard.ladda_ner_marknadsforingsmaterial","DashboardPage.jsx:107","Ladda ner marknadsf√∂ringsmaterial","","","new","","","From DashboardPage.jsx",33
"b2b.dashboard.skapa_en_ny_bestallning_for_dina_kunder","DashboardPage.jsx:129","Skapa en ny best√§llning f√∂r dina kunder","","","new","","","From DashboardPage.jsx",39
"b2b.dashboard.visa_och_spara_dina_tidigare_bestallningar","DashboardPage.jsx:144","Visa och sp√•ra dina tidigare best√§llningar","","","new","","","From DashboardPage.jsx",42
"b2b.dashboard.bladdra_och_ladda_ner_produktinformation","DashboardPage.jsx:159","Bl√§ddra och ladda ner produktinformation","","","new","","","From DashboardPage.jsx",40
"b2b.dashboard.ladda_ner_broschyrer_och_marknadsforingsmaterial","DashboardPage.jsx:174","Ladda ner broschyrer och marknadsf√∂ringsmaterial","","","new","","","From DashboardPage.jsx",48
"b2b.dashboard.information_for_butikspersonal","DashboardPage.jsx:184","Information f√∂r butikspersonal","","","new","","","From DashboardPage.jsx",30
"b2b.dashboard.av_den_orsaken_ar_det_avgorande_att_ni","DashboardPage.jsx:210","Av den orsaken √§r det avg√∂rande att ni:","","","new","","","From DashboardPage.jsx",39
"b2b.dashboard.sa_forklarar_du_produkten_pa_15_sekunder","DashboardPage.jsx:249","S√• f√∂rklarar du produkten p√• 15 sekunder:","","","new","","","From DashboardPage.jsx",41
"b2b.dashboard.b8shield_finns_i_4_olika_utforanden","DashboardPage.jsx:262","B8Shield finns i 4 olika utf√∂randen:","","","new","","","From DashboardPage.jsx",36
"b2b.dashboard.vanliga_fragor_och_vad_du_svarar","DashboardPage.jsx:289","Vanliga fr√•gor ‚Äì och vad du svarar:","","","new","","","From DashboardPage.jsx",35
"b2b.dashboard.fraga_1_kommer_fisken_sluta_hugga","DashboardPage.jsx:295","Fr√•ga 1: Kommer fisken sluta hugga?","","","new","","","From DashboardPage.jsx",35
"b2b.dashboard.fraga_2_forstor_det_gangen_pa_draget","DashboardPage.jsx:302","Fr√•ga 2: F√∂rst√∂r det g√•ngen p√• draget?","","","new","","","From DashboardPage.jsx",38
"b2b.dashboard.fraga_3_nar_ska_man_anvanda_den","DashboardPage.jsx:309","Fr√•ga 3: N√§r ska man anv√§nda den?","","","new","","","From DashboardPage.jsx",33
"b2b.dashboard.ostergatan_30_c","DashboardPage.jsx:326","√ñstergatan 30 C","","","new","","","From DashboardPage.jsx",15
"b2b.dashboard.152_43_sodertalje","DashboardPage.jsx:327","152 43 S√∂dert√§lje","","","new","","","From DashboardPage.jsx",17
"b2b.marketing.allmant","MarketingMaterialsPage.jsx:48","allm√§nt","","","new","","","From MarketingMaterialsPage.jsx",7
"b2b.marketing.ovrigt","MarketingMaterialsPage.jsx:57","√∂vrigt","","","new","","","From MarketingMaterialsPage.jsx",6
"b2b.marketing.kunde_inte_ladda_marknadsforingsmaterial","MarketingMaterialsPage.jsx:95","Kunde inte ladda marknadsf√∂ringsmaterial","","","new","","","From MarketingMaterialsPage.jsx",40
"b2b.marketing.du_maste_vara_inloggad_for_att_se_marknadsforingsm","MarketingMaterialsPage.jsx:155","Du m√•ste vara inloggad f√∂r att se marknadsf√∂ringsmaterial","","","new","","","From MarketingMaterialsPage.jsx",57
"b2b.marketing.marknadsforingsmaterial","MarketingMaterialsPage.jsx:172","Marknadsf√∂ringsmaterial","","","new","","","From MarketingMaterialsPage.jsx",23
"b2b.marketing.ladda_ner_bilder_broschyrer_videos_och_annat_mater","MarketingMaterialsPage.jsx:174","Ladda ner bilder, broschyrer, videos och annat material f√∂r marknadsf√∂ring","","","new","","","From MarketingMaterialsPage.jsx",74
"b2b.marketing.filter_och_sok","MarketingMaterialsPage.jsx:200","Filter och s√∂k","","","new","","","From MarketingMaterialsPage.jsx",14
"b2b.marketing.sok_material","MarketingMaterialsPage.jsx:205","S√∂k material","","","new","","","From MarketingMaterialsPage.jsx",12
"b2b.marketing.allmant_material","MarketingMaterialsPage.jsx:283","Allm√§nt material","","","new","","","From MarketingMaterialsPage.jsx",16
"b2b.marketing.group_relative_bgwhite_border_bordergray200_rounde","MarketingMaterialsPage.jsx:368","group relative bg-white border border-gray-200 rounded-xl p-6 hover:shadow-xl hover:border-blue-200 transition-all duration-300 flex flex-col h-full","","","new","","","From MarketingMaterialsPage.jsx",148
"b2b.orders.blandade_farger","OrderDetailPage.jsx:38","Blandade f√§rger","","","new","","","From OrderDetailPage.jsx",15
"b2b.orders.fetching_order_with_id","OrderDetailPage.jsx:63","Fetching order with ID:","","","new","","","From OrderDetailPage.jsx",23
"b2b.orders.bestallningen_hittades_inte","OrderDetailPage.jsx:67","Best√§llningen hittades inte","","","new","","","From OrderDetailPage.jsx",27
"b2b.orders.kunde_inte_hamta_bestallningsdetaljer","OrderDetailPage.jsx:76","Kunde inte h√§mta best√§llningsdetaljer","","","new","","","From OrderDetailPage.jsx",37
"b2b.orders.ar_du_saker_pa_att_du_vill_avbryta_denna_bestallni","OrderDetailPage.jsx:148","√Ñr du s√§ker p√• att du vill avbryta denna best√§llning?","","","new","","","From OrderDetailPage.jsx",53
"b2b.orders.bestallningen_har_avbrutits","OrderDetailPage.jsx:157","Best√§llningen har avbrutits","","","new","","","From OrderDetailPage.jsx",27
"b2b.orders.kunde_inte_avbryta_bestallningen","OrderDetailPage.jsx:161","Kunde inte avbryta best√§llningen","","","new","","","From OrderDetailPage.jsx",32
"b2b.orders.kunde_inte_uppdatera_orderstatus_","OrderDetailPage.jsx:185","Kunde inte uppdatera orderstatus: ","","","new","","","From OrderDetailPage.jsx",34
"b2b.orders.border_bordergray300_textgray700_px4_py2_roundedlg","OrderDetailPage.jsx:244","border border-gray-300 text-gray-700 px-4 py-2 rounded-lg hover:bg-gray-50 transition-colors","","","new","","","From OrderDetailPage.jsx",92
"b2b.orders.avbryt_bestallning","OrderDetailPage.jsx:317","Avbryt best√§llning","","","new","","","From OrderDetailPage.jsx",18
"b2b.orders.okant_datum","OrderHistoryPage.jsx:87","Ok√§nt datum","","","new","","","From OrderHistoryPage.jsx",11
"b2b.orders.vantar_pa_bekraftelse","OrderHistoryPage.jsx:103","V√§ntar p√• bekr√§ftelse","","","new","","","From OrderHistoryPage.jsx",21
"b2b.orders.bekraftad","OrderHistoryPage.jsx:105","Bekr√§ftad","","","new","","","From OrderHistoryPage.jsx",9
"b2b.orders.okand_status","OrderHistoryPage.jsx:115","Ok√§nd status","","","new","","","From OrderHistoryPage.jsx",12
"b2b.orders.rod","OrderPage.jsx:55","R√∂d","","","new","","","From OrderPage.jsx",3
"b2b.orders._b2b_products_loaded_for_individual_ordering","OrderPage.jsx:192","üìä B2B products loaded for individual ordering:","","","new","","","From OrderPage.jsx",47
"b2b.orders.ett_fel_uppstod_nar_produkterna_skulle_hamtas","OrderPage.jsx:197","Ett fel uppstod n√§r produkterna skulle h√§mtas","","","new","","","From OrderPage.jsx",45
"b2b.orders.du_har_bestallt_for_fa_forpackningar_totalpackages","OrderPage.jsx:210","Du har best√§llt f√∂r f√• f√∂rpackningar (${totalPackages}), best√§ll minst ${remainingQuantity} st till f√∂r att n√• minst ${MINIMUM_ORDER_QUANTITY} f√∂rpackningar","","","new","","","From OrderPage.jsx",156
"b2b.orders.order_skapad","OrderPage.jsx:277","Order skapad!","","","new","","","From OrderPage.jsx",13
"b2b.orders.getcolordisplaynamecolorid_b2b_forpackning","OrderPage.jsx:350","${getColorDisplayName(colorId)} - B2B F√∂rpackning","","","new","","","From OrderPage.jsx",49
"b2b.orders.minst_minimumorderquantity_forpackningar_kravs","OrderPage.jsx:531","Minst ${MINIMUM_ORDER_QUANTITY} f√∂rpackningar kr√§vs","","","new","","","From OrderPage.jsx",51
"b2b.orders.bekrafta_bestallning","OrderPage.jsx:532","Bekr√§fta best√§llning","","","new","","","From OrderPage.jsx",20
"b2b.products.ingen_bild_tillganglig_for_nedladdning","ProductViewPage.jsx:63","Ingen bild tillg√§nglig f√∂r nedladdning","","","new","","","From ProductViewPage.jsx",38
"b2b.products.du_maste_vara_inloggad_for_att_se_produkter","ProductViewPage.jsx:113","Du m√•ste vara inloggad f√∂r att se produkter","","","new","","","From ProductViewPage.jsx",43
"b2b.profile.no_user_found_in_named_database_creating_profile","ProfilePage.jsx:77","No user found in named database, creating profile","","","new","","","From ProfilePage.jsx",49
"b2b.profile.error_creating_profile_in_named_database","ProfilePage.jsx:98","Error creating profile in named database:","","","new","","","From ProfilePage.jsx",41
"b2b.profile.profile_update_error","ProfilePage.jsx:220","Profile update error:","","","new","","","From ProfilePage.jsx",21
"b2b.profile.foretagsinformation","ProfilePage.jsx:276","F√∂retagsinformation","","","new","","","From ProfilePage.jsx",19
"b2b.profile.foretagsnamn","ProfilePage.jsx:284","F√∂retagsnamn","","","new","","","From ProfilePage.jsx",12
"b2b.profile.spara_andringar","ProfilePage.jsx:597","Spara √Ñndringar","","","new","","","From ProfilePage.jsx",15
"b2b.profile.uppdatera_losenord","ProfilePage.jsx:641","Uppdatera L√∂senord","","","new","","","From ProfilePage.jsx",18