"Key","Swedish","English UK","English US","Context","Status","Translator","Last Modified","Notes"
"contact.company.title","F√∂retagsinformation","Company Information","Company Information","","approved","","",""
"contact.header.subtitle","Vi √§r h√§r f√∂r att hj√§lpa er med alla era fr√•gor och behov","We're here to help you with all your questions and needs","We're here to help you with all your questions and needs","","approved","","",""
"contact.header.title","üìû Kontakt & Support","üìû Contact & Support","üìû Contact & Support","","approved","","",""
"contact.hours.contact.days","M√•ndag - Fredag","Monday - Friday","Monday - Friday","","approved","","",""
"contact.hours.contact.time","08:00 - 17:00","08:00 - 17:00","08:00 - 17:00","","approved","","",""
"contact.hours.contact.title","Kontakttider","Contact times","Contact times","","approved","","",""
"contact.hours.response.duration","24 timmar","24 hours","24 hours","","approved","","",""
"contact.hours.response.time","Vanligtvis inom","Usually within","Usually within","","approved","","",""
"contact.hours.response.title","Svarstid E-post","Email response time","Email response time","","approved","","",""
"contact.hours.title","üïí √ñppettider & Svarstider","üïí Opening Hours & Response Times","üïí Opening Hours & Response Times","","approved","","",""
"contact.quicklinks.marketing.description","Ladda ner broschyrer och marknadsf√∂ringsmaterial","Download brochures and marketing materials","Download brochures and marketing materials","","approved","","",""
"contact.quicklinks.marketing.title","Marknadsf√∂ringsmaterial","Marketing Materials","Marketing Materials","","approved","","",""
"contact.quicklinks.order.description","Skapa en ny best√§llning f√∂r dina kunder","Create a new order for your customers","Create a new order for your customers","","approved","","",""
"contact.quicklinks.order.title","L√§gg en best√§llning","Place an order","Place an order","","approved","","",""
"contact.quicklinks.orders.description","Visa och sp√•ra dina tidigare best√§llningar","View and track your previous orders","View and track your previous orders","","approved","","",""
"contact.quicklinks.orders.title","Orderhistorik","Order History","Order History","","approved","","",""
"contact.quicklinks.products.description","Bl√§ddra och ladda ner produktinformation","Browse and download product information","Browse and download product information","","approved","","",""
"contact.quicklinks.products.title","Produktkatalog","Product Catalogue","Product Catalog","","approved","","",""
"contact.quicklinks.title","üîó Snabbl√§nkar","üîó Quick links","üîó Quick links","","approved","","",""
"contact.support.email.description","Skicka era fr√•gor till","Send your questions to","Send your questions to","","approved","","",""
"contact.support.email.response","s√• √•terkommer vi s√• snart som m√∂jligt","and we'll get back to you as soon as possible","and we'll get back to you as soon as possible","","approved","","",""
"contact.support.email.title","üìß E-post support","üìß Email support","üìß Email support","","approved","","",""
"contact.support.product.description","Fr√•gor om B8Shield produkter, priser eller leveranser hanteras via samma e-post","Questions about B8Shield products, prices or deliveries are handled via the same email","Questions about B8Shield products, prices or deliveries are handled via the same email","","approved","","",""
"contact.support.product.title","Produktfr√•gor","Product Questions","Product Questions","","approved","","",""
"contact.support.technical.description","Beh√∂ver ni hj√§lp med portalen eller har tekniska fr√•gor? Vi hj√§lper er g√§rna!","Need help with the portal or have technical questions? We're happy to help!","Need help with the portal or have technical questions? We're happy to help!","","approved","","",""
"contact.support.technical.title","Teknisk support","Technical support","Technical support","","approved","","",""
"contact.support.title","Support & Hj√§lp","Support & Help","Support & Help","","approved","","",""
"dashboard.action_1","Ge butiksst√§llet en synlig och central plats i butiken, g√§rna n√§ra kassan.","Give the shop display a visible and central place in the shop, preferably near the checkout.","Give the shop display a visible and central place in the shop, preferably near the checkout.","","approved","","",""
"dashboard.action_2","Aktivt s√§ljer och f√∂rklarar produkten f√∂r kunderna. G√∂r man inte det √§r sannolikheten stor att kunderna inte uppm√§rksammar produkten och d√§rmed inte k√∂per produkten vilket vare sig vi eller ni vinner p√•.","Actively sell and explain the product to customers. If you don't do this, there's a high probability that customers won't notice the product and therefore won't buy it, which benefits neither us nor you.","Actively sell and explain the product to customers. If you don't do this, there's a high probability that customers won't notice the product and therefore won't buy it, which benefits neither us nor you.","","approved","","",""
"dashboard.action_3","F√∂r att f√∂rs√§kra s√§ljprocessen ytterligare skickar vi ocks√• med ett antal l√∂sa B8Shields. Med f√∂rdel kan dessa l√§ggas i en sk√•l vid st√§llet s√• att kund kan f√• kl√§mma och k√§nna p√• produkten.","To further ensure the sales process, we also send along a number of loose B8Shields. These can advantageously be placed in a bowl by the display so that customers can touch and feel the product.","To further ensure the sales process, we also send along a number of loose B8Shields. These can advantageously be placed in a bowl by the display so that customers can touch and feel the product.","","approved","","",""
"dashboard.action_quote","N√§r kunden dock v√§l f√∂rst√•r vad B8Shield √§r och g√∂r, √§r den l√§tt att v√§lja, men kunden m√•ste f√∂rst√• det f√∂rst","When the customer understands what B8Shield is and does, it's easy to choose, but the customer must understand it first","When the customer understands what B8Shield is and does, it's easy to choose, but the customer must understand it first","","approved","","",""
"dashboard.answer","Svar:","Answer:","Answer:","","approved","","",""
"dashboard.b2b_mode_debug","B2B Mode","B2B Mode","B2B Mode","","approved","","",""
"dashboard.b8shield_banner_alt","B8Shield Banner","B8Shield Banner","B8Shield Banner","","approved","","",""
"dashboard.catalog_description","Bl√§ddra och ladda ner produktinformation","Browse and download product information","Browse and download product information","","approved","","",""
"dashboard.company_address_1","√ñstergatan 30 C","√ñstergatan 30 C","√ñstergatan 30 C","","approved","","",""
"dashboard.company_address_2","152 43 S√∂dert√§lje","152 43 S√∂dert√§lje","152 43 S√∂dert√§lje","","approved","","",""
"dashboard.company_country","SWEDEN","SWEDEN","SWEDEN","","approved","","",""
"dashboard.company_email","info@b8shield.com","info@b8shield.com","info@b8shield.com","","approved","","",""
"dashboard.company_name","JPH Innovation AB","JPH Innovation AB","JPH Innovation AB","","approved","","",""
"dashboard.company_subtitle","JPH Innovation AB - B8Shield","JPH Innovation AB - B8Shield","JPH Innovation AB - B8Shield","","approved","","",""
"dashboard.contact_title","Kontaktuppgifter","Contact Information","Contact Information","","approved","","",""
"dashboard.explanation_1","B8Shield hindrar fiskedrag fr√•n att fastna i undervattensvegetation och andra undervattenshinder.","B8Shield prevents fishing lures from getting caught in underwater vegetation and other underwater obstacles.","B8Shield prevents fishing lures from getting caught in underwater vegetation and other underwater obstacles.","","approved","","",""
"dashboard.explanation_2_title","B8Shield finns i 4 olika utf√∂randen:","B8Shield is available in 4 different variants:","B8Shield is available in 4 different variants:","","approved","","",""
"dashboard.explanation_3","B8Shield f√§sts p√• tre-krok. Passat till krokstorlek 2, 4 och 6, d√§r storlek 2 ocks√• passar p√• krokstorlek 1. Krokstorlek 1/0 och 2/0 kommer inom kort.","B8Shield is attached to treble hooks. Fitted to hook sizes 2, 4 and 6, where size 2 also fits hook size 1. Hook sizes 1/0 and 2/0 coming soon.","B8Shield is attached to treble hooks. Fitted to hook sizes 2, 4 and 6, where size 2 also fits hook size 1. Hook sizes 1/0 and 2/0 coming soon.","","approved","","",""
"dashboard.explanation_4","B8Shields √§r designad s√• att man enkelt kan v√§xla den mellan olika drag vid behov.","B8Shield is designed so that you can easily switch it between different lures as needed.","B8Shield is designed so that you can easily switch it between different lures as needed.","","approved","","",""
"dashboard.faq_1_answer","Nej, B8Shield p√•verkar inte krokens f√∂rm√•ga att kroka fisk. Under ett bett flexar sk√∂ldens vingar f√∂r att exponera krokarna, vilket s√§kerst√§ller en lyckad f√•ngst. Du krokar helt enkelt fisken som vanligt.","No, B8Shield does not affect the hook's ability to hook fish. During a bite, the shield's wings flex to expose the hooks, ensuring a successful catch. You simply hook the fish as normal.","No, B8Shield does not affect the hook's ability to hook fish. During a bite, the shield's wings flex to expose the hooks, ensuring a successful catch. You simply hook the fish as normal.","","approved","","",""
"dashboard.faq_1_question","Fr√•ga 1: Kommer fisken sluta hugga?","Question 1: Will the fish stop biting?","Question 1: Will the fish stop biting?","","approved","","",""
"dashboard.faq_2_answer","Nej, B8Shield √§r testad med m√•nga typer av drag. Ingen skillnad i g√•ng.","No, B8Shield is tested with many types of lures. No difference in action.","No, B8Shield is tested with many types of lures. No difference in action.","","approved","","",""
"dashboard.faq_2_question","Fr√•ga 2: F√∂rst√∂r det g√•ngen p√• draget?","Question 2: Does it ruin the action of the lure?","Question 2: Does it ruin the action of the lure?","","approved","","",""
"dashboard.faq_3_answer","N√§r du fiskar d√§r det finns m√•nga undervattenhinder som ex. undervattensvegetation eller d√§r det √§r stenigt, allts√• d√§r fisken ofta g√∂mmer sig.","When you fish where there are many underwater obstacles such as underwater vegetation or where it's rocky, i.e. where fish often hide.","When you fish where there are many underwater obstacles such as underwater vegetation or where it's rocky, i.e. where fish often hide.","","approved","","",""
"dashboard.faq_3_question","Fr√•ga 3: N√§r ska man anv√§nda den?","Question 3: When should you use it?","Question 3: When should you use it?","","approved","","",""
"dashboard.faq_title","Vanliga fr√•gor ‚Äì och vad du svarar:","Common questions ‚Äì and what you answer:","Common questions ‚Äì and what you answer:","","approved","","",""
"dashboard.feature_catalog","Bl√§ddra i produktkatalog","Browse product catalogue","Browse product catalog","","approved","","",""
"dashboard.feature_history","√ñverblick √∂ver orderhistorik","Overview of order history","Overview of order history","","approved","","",""
"dashboard.feature_materials","Ladda ner marknadsf√∂ringsmaterial","Download marketing materials","Download marketing materials","","approved","","",""
"dashboard.feature_orders","L√§gga best√§llningar direkt","Place orders directly","Place orders directly","","approved","","",""
"dashboard.features","Funktioner:","Features:","Features:","","approved","","",""
"dashboard.history_description","Visa och sp√•ra dina tidigare best√§llningar","View and track your previous orders","View and track your previous orders","","approved","","",""
"dashboard.intro_quote","Kunderna vet d√§rf√∂r inte √§nnu vad B8Shield √§r eller vilket problem den l√∂ser, och d√§rf√∂r s√∂ker man s√•ledes inte aktivt efter B8Shield trots att man har problemet med att fastna","Customers therefore don't yet know what B8Shield is or what problem it solves, and therefore don't actively search for B8Shield despite having the problem","Customers therefore don't yet know what B8Shield is or what problem it solves, and therefore don't actively search for B8Shield despite having the problem","","approved","","",""
"dashboard.intro_text_1","B8Shield √§r en ny och unik produkt som l√∂ser ett vanligt problem f√∂r fiskare - att fastna i undervattensvegetation och andra undervattenshinder.","B8Shield is a new and unique product that solves a common problem for anglers - getting caught in underwater vegetation and other underwater obstacles.","B8Shield is a new and unique product that solves a common problem for anglers - getting caught in underwater vegetation and other underwater obstacles.","","approved","","",""
"dashboard.intro_text_2","B8Shield √§r samtidigt en helt ny typ av b√•de produkt och produktkategori.","B8Shield is also a completely new type of both product and product category.","B8Shield is also a completely new type of both product and product category.","","approved","","",""
"dashboard.key_actions_title","Av den orsaken √§r det avg√∂rande att ni:","For this reason it is crucial that you:","For this reason it is crucial that you:","","approved","","",""
"dashboard.marketing_description","Ladda ner broschyrer och marknadsf√∂ringsmaterial","Download brochures and marketing materials","Download brochures and marketing materials","","approved","","",""
"dashboard.order_description","Skapa en ny best√§llning f√∂r dina kunder","Create a new order for your customers","Create a new order for your customers","","approved","","",""
"dashboard.product_explanation_title","S√• f√∂rklarar du produkten p√• 15 sekunder:","This is how you explain the product in 15 seconds:","This is how you explain the product in 15 seconds:","","approved","","",""
"dashboard.staff_info_title","Information f√∂r butikspersonal","Information for shop staff","Information for store staff","","approved","","",""
"dashboard.test_training","Testa S√§ljutbildning","Test Sales Training","Test Sales Training","","approved","","",""
"dashboard.training_completed","Training completed!","Training completed!","Training completed!","","approved","","",""
"dashboard.variant_fluorescent","FLUORESCERANDE.","FLUORESCENT.","FLUORESCENT.","","approved","","",""
"dashboard.variant_fluorescent_desc","N√§r du skall natt fiska och vill attrahera fiskar i grumliga eller m√∂rka vatten.","When you're night fishing and want to attract fish in murky or dark waters.","When you're night fishing and want to attract fish in murky or dark waters.","","approved","","",""
"dashboard.variant_glitter","GLITTER.","GLITTER.","GLITTER.","","approved","","",""
"dashboard.variant_glitter_desc","N√§r man skall fiska i stark solljus hj√§lper dess gnistrande f√§rg till med att attrahera mer fisk.","When fishing in strong sunlight, its sparkling colour helps attract more fish.","When fishing in strong sunlight, its sparkling color helps attract more fish.","","approved","","",""
"dashboard.variant_red","R√ñD.","RED.","RED.","","approved","","",""
"dashboard.variant_red_desc","Utnyttja den traditionella r√∂da f√§rgen p√• m√•nga betesfiskar f√∂r att attrahera mer fisk.","Utilise the traditional red colour of many baitfish to attract more fish.","Utilize the traditional red color of many baitfish to attract more fish.","","approved","","",""
"dashboard.variant_transparent","TRANSPARENT.","TRANSPARENT.","TRANSPARENT.","","approved","","",""
"dashboard.variant_transparent_desc","N√§r man inte vill kompromissa med fiskedragets naturliga f√§rger och utseende.","When you don't want to compromise the natural colours and appearance of the fishing lure.","When you don't want to compromise the natural colors and appearance of the fishing lure.","","approved","","",""
"dashboard.welcome","√Öterf√∂rs√§ljarportal","Reseller Portal","Dealer Portal","","approved","","",""
"dashboard.welcome_text","V√§lkommen till v√•r √•terf√∂rs√§ljarportal ‚Äì ett verktyg f√∂r att g√∂ra ert samarbete med oss s√• smidigt som m√∂jligt.","Welcome to our reseller portal ‚Äì a tool to make your collaboration with us as smooth as possible.","Welcome to our dealer portal ‚Äì a tool to make your collaboration with us as smooth as possible.","","approved","","",""
"marketing.back_to_dashboard","Tillbaka till Dashboard","Back to Dashboard","Back to Dashboard","","approved","","",""
"marketing.categories.ads","Annonser","Advertisements","Advertisements","","approved","","",""
"marketing.categories.all","Alla kategorier","All categories","All categories","","approved","","",""
"marketing.categories.brochures","Broschyrer","Brochures","Brochures","","approved","","",""
"marketing.categories.customer_specific","Kundspecifikt","Customer Specific","Customer Specific","","approved","","",""
"marketing.categories.documents","Dokument","Documents","Documents","","approved","","",""
"marketing.categories.general","Allm√§nt","General","General","","approved","","",""
"marketing.categories.instructions","Instruktioner","Instructions","Instructions","","approved","","",""
"marketing.categories.other","√ñvrigt","Other","Other","","approved","","",""
"marketing.categories.price_list","Prislista","Price Lists","Price Lists","","approved","","",""
"marketing.categories.product_images","Produktbilder","Product Images","Product Images","","approved","","",""
"marketing.categories.videos","Videos","Videos","Videos","","approved","","",""
"marketing.download.button","Ladda ner","Download","Download","","approved","","",""
"marketing.download.started","Nedladdning startad","Download started","Download started","","approved","","",""
"marketing.empty.no_materials","Det finns inget marknadsf√∂ringsmaterial tillg√§ngligt √§nnu.","There are no marketing materials available yet.","There are no marketing materials available yet.","","approved","","",""
"marketing.empty.show_all","Visa allt material","Show all materials","Show all materials","","approved","","",""
"marketing.empty.title","Inget material hittades","No materials found","No materials found","","approved","","",""
"marketing.empty.try_filters","Prova att √§ndra dina filterinst√§llningar.","Try changing your filter settings.","Try changing your filter settings.","","approved","","",""
"marketing.errors.download_failed","Kunde inte ladda ner filen","Could not download the file","Could not download the file","","approved","","",""
"marketing.errors.load_failed","Kunde inte ladda marknadsf√∂ringsmaterial","Could not load marketing materials","Could not load marketing materials","","approved","","",""
"marketing.file_types.all","Alla filtyper","All file types","All file types","","approved","","",""
"marketing.file_types.archives","Arkiv","Archives","Archives","","approved","","",""
"marketing.file_types.documents","Dokument","Documents","Documents","","approved","","",""
"marketing.file_types.images","Bilder","Images","Images","","approved","","",""
"marketing.file_types.videos","Videos","Videos","Videos","","approved","","",""
"marketing.filters.category_label","Kategori","Category","Category","","approved","","",""
"marketing.filters.clear_filters","Rensa filter","Clear filters","Clear filters","","approved","","",""
"marketing.filters.file_type_label","Filtyp","File type","File type","","approved","","",""
"marketing.filters.search_label","S√∂k material","Search materials","Search materials","","approved","","",""
"marketing.filters.search_placeholder","S√∂k efter namn eller beskrivning...","Search by name or description...","Search by name or description...","","approved","","",""
"marketing.filters.title","Filter och s√∂k","Filter and search","Filter and search","","approved","","",""
"marketing.login_link","Logga in","Log in","Log in","","approved","","",""
"marketing.login_required","Du m√•ste vara inloggad f√∂r att se marknadsf√∂ringsmaterial","You must be logged in to view marketing materials","You must be logged in to view marketing materials","","approved","","",""
"marketing.manage_materials","Hantera Material","Manage Materials","Manage Materials","","approved","","",""
"marketing.stats.filtered","Filtrerat","Filtered","Filtered","","approved","","",""
"marketing.stats.general_materials","Allm√§nt material","General materials","General materials","","approved","","",""
"marketing.stats.total_materials","Totalt material","Total materials","Total materials","","approved","","",""
"marketing.stats.your_materials","Ditt material","Your materials","Your materials","","approved","","",""
"marketing.subtitle","Ladda ner bilder, broschyrer, videos och annat material f√∂r marknadsf√∂ring","Download images, brochures, videos and other marketing materials","Download images, brochures, videos and other marketing materials","","approved","","",""
"marketing.title","Marknadsf√∂ringsmaterial","Marketing Materials","Marketing Materials","","approved","","",""
"nav.admin","Admin","Admin","Admin","","approved","","",""
"nav.ai_tools","AI Verktyg","AI Tools","AI Tools","","approved","","",""
"nav.ai_wagons","AI Vagnar","AI Wagons","AI Wagons","","approved","","",""
"nav.back_to_dashboard","Tillbaka till Dashboard","Back to Dashboard","Back to Dashboard","","approved","","",""
"nav.close_sidebar","Close sidebar","Close sidebar","Close sidebar","","approved","","",""
"nav.go_to_admin_panel","G√• till Admin Panel","Go to Admin Panel","Go to Admin Panel","","approved","","",""
"nav.logout","Logga ut","Log Out","Log Out","","approved","","",""
"nav.marketing","Marknadsf√∂ringsmaterial","Marketing Materials","Marketing Materials","","approved","","",""
"nav.open_sidebar","Open sidebar","Open sidebar","Open sidebar","","approved","","",""
"order.history","Orderhistorik","Order History","Order History","","approved","","",""
"order.title","L√§gg en best√§llning","Place an Order","Place an Order","","approved","","",""
"order_status.cancelled","Avbruten","Cancelled","Canceled","","approved","","",""
"order_status.confirmed","Bekr√§ftad","Confirmed","Confirmed","","approved","","",""
"order_status.delivered","Levererad","Delivered","Delivered","","approved","","",""
"order_status.pending","V√§ntar","Pending","Pending","","approved","","",""
"order_status.processing","Behandlas","Processing","Processing","","approved","","",""
"order_status.shipped","Skickad","Dispatched","Dispatched","","approved","","",""
"order_status.unknown","Ok√§nd","Unknown","Unknown","","approved","","",""
"product.catalog","Produktkatalog","Product Catalogue","Product Catalog","","approved","","",""
"product_menu.no_products","Inga produkter tillg√§ngliga","No products available","No products available","","approved","","",""
"product_menu.select_product","V√§lj en produkt","Select a product","Select a product","","approved","","",""
"product_menu.size","Storlek","Size","Size","","approved","","",""
"product_menu.unknown_product","Ok√§nd produkt","Unknown product","Unknown product","","approved","","",""
"products.could_not_load","Kunde inte ladda produkter","Could not load products","Could not load products","","approved","","",""
"products.login_required","Du m√•ste vara inloggad f√∂r att se produkter","You must be logged in to view products","You must be logged in to view products","","approved","","",""
"products.no_image_available","Ingen bild tillg√§nglig f√∂r nedladdning","No image available for download","No image available for download","","approved","","",""
"profile.back_to_dashboard","Tillbaka till Dashboard","Back to Dashboard","Back to Dashboard","","approved","","",""
"profile.company_information","F√∂retagsinformation","Company Information","Company Information","","approved","","",""
"profile.company_name","F√∂retagsnamn","Company Name","Company Name","","approved","","",""
"profile.contact_person","Kontaktperson","Contact Person","Contact Person","","approved","","",""
"profile.email","E-post","Email","Email","","approved","","",""
"profile.not_specified","Ej angivet","Not specified","Not specified","","approved","","",""
"profile.org_number","Organisationsnummer","Organisation Number","Organization Number","","approved","","",""
"profile.phone","Telefon","Phone","Phone","","approved","","",""
"profile.profile_information","Profilinformation","Profile Information","Profile Information","","approved","","",""
"profile.title","Profil","Profile","Profile","","approved","","",""
"training.about_b8shield","Om B8Shield","About B8Shield","About B8Shield","","approved","","",""
"training.action_1","Ge butiksst√§llet en synlig och central plats i butiken, g√§rna n√§ra kassan.","Give the shop display a visible and central place in the shop, preferably near the checkout.","Give the shop display a visible and central place in the shop, preferably near the checkout.","","approved","","",""
"training.action_2","Aktivt s√§ljer och f√∂rklarar produkten f√∂r kunderna. G√∂r man inte det √§r sannolikheten stor att kunderna inte uppm√§rksammar produkten och d√§rmed inte k√∂per produkten vilket vare sig vi eller ni vinner p√•.","Actively sell and explain the product to customers. If you don't do this, there's a high probability that customers won't notice the product and therefore won't buy it, which benefits neither us nor you.","Actively sell and explain the product to customers. If you don't do this, there's a high probability that customers won't notice the product and therefore won't buy it, which benefits neither us nor you.","","approved","","",""
"training.action_3","F√∂r att f√∂rs√§kra s√§ljprocessen ytterligare skickar vi ocks√• med ett antal l√∂sa B8Shields. Med f√∂rdel kan dessa l√§ggas i en sk√•l vid st√§llet s√• att kund kan f√• kl√§mma och k√§nna p√• produkten.","To further ensure the sales process, we also send along a number of loose B8Shields. These can advantageously be placed in a bowl by the display so that customers can touch and feel the product.","To further ensure the sales process, we also send along a number of loose B8Shields. These can advantageously be placed in a bowl by the display so that customers can touch and feel the product.","","approved","","",""
"training.answer_label","Svar:","Answer:","Answer:","","approved","","",""
"training.b8shield_intro_1","B8Shield √§r en ny och unik produkt som l√∂ser ett vanligt problem f√∂r fiskare - att fastna i undervattensvegetation och andra undervattenshinder.","B8Shield is a new and unique product that solves a common problem for anglers - getting caught in underwater vegetation and other underwater obstacles.","B8Shield is a new and unique product that solves a common problem for anglers - getting caught in underwater vegetation and other underwater obstacles.","","approved","","",""
"training.b8shield_intro_2","B8Shield √§r samtidigt en helt ny typ av b√•de produkt och produktkategori.","B8Shield is also a completely new type of both product and product category.","B8Shield is also a completely new type of both product and product category.","","approved","","",""
"training.certified_seller","Certifierad B8Shield-S√§ljare","Certified B8Shield Seller","Certified B8Shield Seller","","approved","","",""
"training.click_for_details","Klicka f√∂r detaljer","Click for details","Click for details","","approved","","",""
"training.completed_training","Du har genomf√∂rt s√§ljutbildningen","You have completed the sales training","You have completed the sales training","","approved","","",""
"training.completion_subtitle","Du √§r nu certifierad B8Shield-s√§ljare","You are now a certified B8Shield seller","You are now a certified B8Shield seller","","approved","","",""
"training.completion_title","Grattis!","Congratulations!","Congratulations!","","approved","","",""
"training.customer_awareness_quote","Kunderna vet d√§rf√∂r inte √§nnu vad B8Shield √§r eller vilket problem den l√∂ser, och d√§rf√∂r s√∂ker man s√•ledes inte aktivt efter B8Shield trots att man har problemet med att fastna","Customers therefore don't yet know what B8Shield is or what problem it solves, and therefore don't actively search for B8Shield despite having the problem","Customers therefore don't yet know what B8Shield is or what problem it solves, and therefore don't actively search for B8Shield despite having the problem","","approved","","",""
"training.feature_history","√ñverblick √∂ver orderhistorik","Overview of order history","Overview of order history","","approved","","",""
"training.feature_materials","Ladda ner marknadsf√∂ringsmaterial","Download marketing materials","Download marketing materials","","approved","","",""
"training.feature_orders","L√§gga best√§llningar direkt","Place orders directly","Place orders directly","","approved","","",""
"training.features_title","Funktioner:","Features:","Features:","","approved","","",""
"training.key_actions_title","Av den orsaken √§r det avg√∂rande att ni","For this reason it is crucial that you","For this reason it is crucial that you","","approved","","",""
"training.next","N√§sta","Next","Next","","approved","","",""
"training.now_you_can","Nu kan du:","Now you can:","Now you can:","","approved","","",""
"training.objection_1_answer","Nej, B8Shield p√•verkar inte krokens f√∂rm√•ga att kroka fisk. Under ett bett flexar sk√∂ldens vingar f√∂r att exponera krokarna, vilket s√§kerst√§ller en lyckad f√•ngst. Du krokar helt enkelt fisken som vanligt.","No, B8Shield does not affect the hook's ability to hook fish. During a bite, the shield's wings flex to expose the hooks, ensuring a successful catch. You simply hook the fish as normal.","No, B8Shield does not affect the hook's ability to hook fish. During a bite, the shield's wings flex to expose the hooks, ensuring a successful catch. You simply hook the fish as normal.","","approved","","",""
"training.objection_1_question","Kommer fisken sluta hugga?","Will the fish stop biting?","Will the fish stop biting?","","approved","","",""
"training.objection_2_answer","Nej, B8Shield √§r testad med m√•nga typer av drag. Ingen skillnad i g√•ng.","No, B8Shield is tested with many types of lures. No difference in action.","No, B8Shield is tested with many types of lures. No difference in action.","","approved","","",""
"training.objection_2_question","F√∂rst√∂r det g√•ngen p√• draget?","Does it ruin the action of the lure?","Does it ruin the action of the lure?","","approved","","",""
"training.objection_3_answer","N√§r du fiskar d√§r det finns m√•nga undervattenhinder som ex. undervattensvegetation eller d√§r det √§r stenigt, allts√• d√§r fisken ofta g√∂mmer sig.","When you fish where there are many underwater obstacles such as underwater vegetation or where it's rocky, i.e. where fish often hide.","When you fish where there are many underwater obstacles such as underwater vegetation or where it's rocky, i.e. where fish often hide.","","approved","","",""
"training.objection_3_question","N√§r ska man anv√§nda den?","When should you use it?","When should you use it?","","approved","","",""
"training.objections_subtitle","Och vad du svarar","And what you answer","And what you answer","","approved","","",""
"training.objections_title","Vanliga fr√•gor","Common questions","Common questions","","approved","","",""
"training.pitch_point_1","B8Shield hindrar fiskedrag fr√•n att fastna i undervattensvegetation och andra undervattenshinder.","B8Shield prevents fishing lures from getting caught in underwater vegetation and other underwater obstacles.","B8Shield prevents fishing lures from getting caught in underwater vegetation and other underwater obstacles.","","approved","","",""
"training.pitch_point_2_intro","B8Shield finns i 4 olika utf√∂randen:","B8Shield is available in 4 different variants:","B8Shield is available in 4 different variants:","","approved","","",""
"training.pitch_point_3","B8Shield f√§sts p√• tre-krok. Passat till krokstorlek 2, 4 och 6, d√§r storlek 2 ocks√• passar p√• krokstorlek 1. Krokstorlek 1/0 och 2/0 kommer inom kort.","B8Shield is attached to treble hooks. Fitted to hook sizes 2, 4 and 6, where size 2 also fits hook size 1. Hook sizes 1/0 and 2/0 coming soon.","B8Shield is attached to treble hooks. Fitted to hook sizes 2, 4 and 6, where size 2 also fits hook size 1. Hook sizes 1/0 and 2/0 coming soon.","","approved","","",""
"training.pitch_point_4","B8Shields √§r designad s√• att man enkelt kan v√§xla den mellan olika drag vid behov.","B8Shield is designed so that you can easily switch it between different lures as needed.","B8Shield is designed so that you can easily switch it between different lures as needed.","","approved","","",""
"training.pitch_subtitle","S√§g detta till kunden","Say this to the customer","Say this to the customer","","approved","","",""
"training.pitch_title","S√• f√∂rklarar du produkten p√• 15 sekunder","This is how you explain the product in 15 seconds","This is how you explain the product in 15 seconds","","approved","","",""
"training.previous","F√∂reg√•ende","Previous","Previous","","approved","","",""
"training.skill_1","F√∂rklara B8Shield p√• 15 sekunder","Explain B8Shield in 15 seconds","Explain B8Shield in 15 seconds","","approved","","",""
"training.skill_2","Hantera kundinv√§ndningar","Handle customer objections","Handle customer objections","","approved","","",""
"training.skill_3","√ñka din f√∂rs√§ljning med r√§tt teknik","Increase your sales with the right technique","Increase your sales with the right technique","","approved","","",""
"training.staff_info_title","Viktig info till butikspersonal","Important info for shop staff","Important info for store staff","","approved","","",""
"training.start_selling","B√∂rja s√§lja!","Start selling!","Start selling!","","approved","","",""
"training.step_counter","Steg {{current}} av {{total}}","Step {{current}} of {{total}}","Step {{current}} of {{total}}","","approved","","",""
"training.time_remaining","~{{minutes}} min kvar","~{{minutes}} min remaining","~{{minutes}} min remaining","","approved","","",""
"training.to_sell_b8shield","F√∂r att s√§lja B8Shield","To sell B8Shield","To sell B8Shield","","approved","","",""
"training.understanding_quote","N√§r kunden dock v√§l f√∂rst√•r vad B8Shield √§r och g√∂r, √§r den l√§tt att v√§lja, men kunden m√•ste f√∂rst√• det f√∂rst","When the customer understands what B8Shield is and does, it's easy to choose, but the customer must understand it first","When the customer understands what B8Shield is and does, it's easy to choose, but the customer must understand it first","","approved","","",""
"training.variant_fluorescent_desc","N√§r du skall natt fiska och vill attrahera fiskar i grumliga eller m√∂rka vatten","When you're night fishing and want to attract fish in murky or dark waters","When you're night fishing and want to attract fish in murky or dark waters","","approved","","",""
"training.variant_glitter_desc","N√§r man skall fiska i stark solljus hj√§lper dess gnistrande f√§rg till med att attrahera mer fisk","When fishing in strong sunlight, its sparkling colour helps attract more fish","When fishing in strong sunlight, its sparkling color helps attract more fish","","approved","","",""
"training.variant_red_desc","Utnyttja den traditionella r√∂da f√§rgen p√• m√•nga betesfiskar f√∂r att attrahera mer fisk","Utilise the traditional red colour of many baitfish to attract more fish","Utilize the traditional red color of many baitfish to attract more fish","","approved","","",""
"training.variant_transparent_desc","N√§r man inte vill kompromissa med fiskedragets naturliga f√§rger och utseende","When you don't want to compromise the natural colours and appearance of the fishing lure","When you don't want to compromise the natural colors and appearance of the fishing lure","","approved","","",""
"training.welcome","V√§lkommen","Welcome","Welcome","","approved","","",""
"training.welcome_subtitle","Till B8Shield √•terf√∂rs√§ljarportal","To B8Shield Reseller Portal","To B8Shield Dealer Portal","","approved","","",""
"training.welcome_text","V√§lkommen till v√•r √•terf√∂rs√§ljarportal ‚Äì ett verktyg f√∂r att g√∂ra ert samarbete med oss s√• smidigt som m√∂jligt.","Welcome to our reseller portal ‚Äì a tool to make your collaboration with us as smooth as possible.","Welcome to our dealer portal ‚Äì a tool to make your collaboration with us as smooth as possible.","","approved","","",""
"products.browse_description","Bl√§ddra bland v√•ra produkter och ladda ner bilder","Browse and download our products and images","Browse and download our products and images","","approved","","",""
"products.manage_products","Hantera Produkter","Manage Products","Manage Products","","approved","","",""
"products.back_to_list","Tillbaka till produktlista","Back to product list","Back to product list","","approved","","",""
"products.status.active","Aktiv","Active","Active","","approved","","",""
"products.status.inactive","Inaktiv","Inactive","Inactive","","approved","","",""
"products.price","Pris","Price","Price","","approved","","",""
"products.excl_vat","Exkl. moms","Excl. VAT","Excl. VAT","","approved","","",""
"products.weight","Vikt","Weight","Weight","","approved","","",""
"products.dimensions","M√•tt","Dimensions","Dimensions","","approved","","",""
"products.dimensions_label","L √ó B √ó H","L √ó W √ó H","L √ó W √ó H","","approved","","",""
"products.ean_code","EAN-kod","EAN Code","EAN Code","","approved","","",""
"products.product_image","Produktbild","Product Image","Product Image","","approved","","",""
"products.download_image","Ladda ner produktbild","Download product image","Download product image","","approved","","",""
"products.ean_images","EAN-kod bilder","EAN Code Images","EAN Code Images","","approved","","",""
"products.png_format","PNG/JPG Format","PNG/JPG Format","PNG/JPG Format","","approved","","",""
"products.download_png","Ladda ner PNG","Download PNG","Download PNG","","approved","","",""
"products.svg_format","SVG Format","SVG Format","SVG Format","","approved","","",""
"products.download_svg","Ladda ner SVG","Download SVG","Download SVG","","approved","","",""
"products.available_products","Tillg√§ngliga Produkter","Available Products","Available Products","","approved","","",""
"products.no_image","Ingen bild","No image","No image","","approved","","",""
"products.view_details_download","Visa detaljer och ladda ner","View details and download","View details and download","","approved","","",""
"products.table.product","Produkt","Product","Product","","approved","","",""
"products.table.size_price","Storlek & Pris","Size & Price","Size & Price","","approved","","",""
"products.table.ean_code","EAN-kod","EAN Code","EAN Code","","approved","","",""
"products.table.actions","√Ötg√§rder","Actions","Actions","","approved","","",""
"products.view_details","Visa detaljer","View details","View details","","approved","","",""
"products.downloaded","nedladdad","downloaded","downloaded","","approved","","",""
"products.download_error","Kunde inte ladda ner bilden","Could not download the image","Could not download the image","","approved","","",""
